"location","user_id","status_id","created_at","screen_name","text","source","retweet_count","country","country_code","bbox_coords","hashtags","coords_coords","geo_coords"
"Cascadia",,,"2020-06-21 15:47:48","SciBasedNutr","#AntiVegan is a cult. #ProGMO is a cult. #antivegancult #progmocult #gmo #vegan #rdchat","Twitter Web App",1,"","","NA NA NA NA NA NA NA NA","AntiVegan ProGMO antivegancult progmocult gmo vegan rdchat","NA NA","NA NA"
"INDIANA",,,"2020-06-21 13:14:13","joeclouser","My 8 year old son

""I am so glad I was born out of your tummy mum. I could have had a vegan mum. What a disaster that would have been for my health""

Wow. I think he has been listening.

#yes2meat
#antivegan","Twitter for Android",7,"","","NA NA NA NA NA NA NA NA","","NA NA","NA NA"
"",,,"2020-06-21 13:06:13","KemMinnick","My 8 year old son

""I am so glad I was born out of your tummy mum. I could have had a vegan mum. What a disaster that would have been for my health""

Wow. I think he has been listening.

#yes2meat
#antivegan","Twitter for iPhone",7,"","","NA NA NA NA NA NA NA NA","","NA NA","NA NA"
"Southeast USA",,,"2020-06-21 08:08:55","StickmanBleedin","My 8 year old son

""I am so glad I was born out of your tummy mum. I could have had a vegan mum. What a disaster that would have been for my health""

Wow. I think he has been listening.

#yes2meat
#antivegan","Twitter Web App",7,"","","NA NA NA NA NA NA NA NA","","NA NA","NA NA"
"Mumbai, Maharashtra",,,"2020-06-21 07:14:33","ektat","My 8 year old son

""I am so glad I was born out of your tummy mum. I could have had a vegan mum. What a disaster that would have been for my health""

Wow. I think he has been listening.

#yes2meat
#antivegan","Twitter for iPhone",7,"","","NA NA NA NA NA NA NA NA","","NA NA","NA NA"
"",,,"2020-06-21 07:00:41","julestw9","My 8 year old son

""I am so glad I was born out of your tummy mum. I could have had a vegan mum. What a disaster that would have been for my health""

Wow. I think he has been listening.

#yes2meat
#antivegan","Twitter for Android",7,"","","NA NA NA NA NA NA NA NA","","NA NA","NA NA"
"UK",,,"2020-06-21 06:58:01","ZeroCarbSarah","My 8 year old son

""I am so glad I was born out of your tummy mum. I could have had a vegan mum. What a disaster that would have been for my health""

Wow. I think he has been listening.

#yes2meat
#antivegan","Twitter for Android",7,"","","NA NA NA NA NA NA NA NA","yes2meat antivegan","NA NA","NA NA"
"UK",,,"2020-06-16 06:50:02","ZeroCarbSarah","@JayneBuxton2 @Engineer4Health @dannyketo88 Wonderful!
Can't wait to read it!

#yes2meat
#carnivorediet 
#keto
#antivegan","Twitter for Android",0,"","","NA NA NA NA NA NA NA NA","yes2meat carnivorediet keto antivegan","NA NA","NA NA"
"Gurgaon, India",,,"2020-06-18 23:17:35","AnjaliLal14","""Given that most of us would probably like to see less suffering in the world, why is there such resentment towards those who do something about it?""

https://t.co/HJqeYAyoOu

#vegan #antivegan #veganism #AnimalCruelty","Twitter for Android",0,"","","NA NA NA NA NA NA NA NA","vegan antivegan veganism AnimalCruelty","NA NA","NA NA"
"Helsinki, Finland",,,"2020-06-18 09:57:17","kasvismafioso","Dem antivegans! When you have zero arguments, but you have to hate people who don't want to hurt anyone, you can always compare factory farming to predators in the wild. <U+0001F926><U+0001F926><U+0001F926>

--&gt; https://t.co/9NYmCS5HV6

#PiersMorgan #antivegan #vegan #govegan https://t.co/gxW5e53fYO","Twitter for Android",1,"","","NA NA NA NA NA NA NA NA","PiersMorgan antivegan vegan govegan","NA NA","NA NA"
"Plainfield, IL",,,"2020-06-22 19:36:55","marielanstewart","Carnivore lunch <U+0001F60B> #keto <U+2060>#carnivore <U+2060>
<U+2060>
<U+2060>
<U+2060>
<U+2060>
<U+2060>
<U+2060>
<U+2060>
<U+2060>
<U+2060>
______
#exvegan
 #carnivorewomen 
#yes2meat 
#ketogirl 
#fatburning 
#keto 
#biohacking
#ketosis 
#meatheals 
#teamcarnivore 
#zerocarb 
#ketodiet
#ketogenicâ€¦ https://t.co/iglGPWXwwO","Instagram",0,"","","NA NA NA NA NA NA NA NA","keto carnivore exvegan carnivorewomen yes2meat ketogirl fatburning keto biohacking ketosis meatheals teamcarnivore zerocarb ketodiet ketogenic","NA NA","NA NA"
"Plainfield, IL",,,"2020-06-22 00:22:06","marielanstewart","Fatherâ€™s Day rib spread<U+0001F60B> #keto <U+2060>#carnivore <U+2060>
<U+2060>
<U+2060>
<U+2060>
<U+2060>
<U+2060>
<U+2060>
<U+2060>
<U+2060>
<U+2060>
______
#exvegan
 #carnivorewomen 
#yes2meat 
#ketogirl 
#fatburning 
#keto 
#biohacking
#ketosis 
#meatheals 
#teamcarnivore 
#zerocarbâ€¦ https://t.co/QmjdwKmgqX","Instagram",0,"","","NA NA NA NA NA NA NA NA","keto carnivore exvegan carnivorewomen yes2meat ketogirl fatburning keto biohacking ketosis meatheals teamcarnivore zerocarb","NA NA","NA NA"
"Plainfield, IL",,,"2020-06-18 02:08:02","marielanstewart","Salmon for dinner <U+0001F60B> #keto <U+2060>#carnivore <U+2060>
<U+2060>
<U+2060>
<U+2060>
<U+2060>
<U+2060>
<U+2060>
<U+2060>
<U+2060>
<U+2060>
______
#exvegan
 #carnivorewomen 
#yes2meat 
#ketogirl 
#fatburning 
#keto 
#biohacking
#ketosis 
#meatheals 
#teamcarnivore 
#zerocarb 
#ketodiet
#ketogenicâ€¦ https://t.co/GEbLOuxfPE","Instagram",0,"","","NA NA NA NA NA NA NA NA","keto carnivore exvegan carnivorewomen yes2meat ketogirl fatburning keto biohacking ketosis meatheals teamcarnivore zerocarb ketodiet ketogenic","NA NA","NA NA"
"Ireland",,,"2020-06-22 10:32:44","MarymoBelfast","A final vlog on Jon Venus.

#ExVegan #hunting #vegan #vegans #plantbased #veganism #LGBTQ #ToxicMasculinity
#realmen

https://t.co/AgAeJBRIJc","Twitter Web App",4,"","","NA NA NA NA NA NA NA NA","ExVegan hunting vegan vegans plantbased veganism LGBTQ ToxicMasculinity realmen","NA NA","NA NA"
"",,,"2020-06-19 07:44:28","VeganBot1","Ozzie Anxiety the vegan talks about ex-vegan Jon Venus.

#vegan #veganism #JonVenus #exvegan  

https://t.co/OR5jDvIzbR","Vegan On the Wall",1,"","","NA NA NA NA NA NA NA NA","vegan veganism JonVenus exvegan","NA NA","NA NA"
"Bromley, Kent",,,"2020-06-19 07:22:43","SweetLemonPot","Ozzie Anxiety the vegan talks about ex-vegan Jon Venus.

#vegan #veganism #JonVenus #exvegan  

https://t.co/OR5jDvIzbR","Twitter Web App",1,"","","NA NA NA NA NA NA NA NA","vegan veganism JonVenus exvegan","NA NA","NA NA"
"Manchester",,,"2020-06-18 19:13:39","actorreactor","A final vlog on Jon Venus.

#ExVegan #hunting #vegan #vegans #plantbased #veganism #LGBTQ #ToxicMasculinity
#realmen

https://t.co/AgAeJBRIJc","Twitter for Android",4,"","","NA NA NA NA NA NA NA NA","ExVegan hunting vegan vegans plantbased veganism LGBTQ ToxicMasculinity realmen","NA NA","NA NA"
"Glasgow, Scotland",,,"2020-06-18 17:06:18","iamkasia_","â€œYou were never really a veganâ€ or â€œYou didnâ€™t do it right (AKA you forgot to cheat with animal foods when no one was looking) #exvegan #vegan #cheagan #meatismedicine #meatrxofficial @meat_rx https://t.co/0pQXOTjlH0","Twitter for iPhone",3,"","","NA NA NA NA NA NA NA NA","","NA NA","NA NA"
"United Kingdom",,,"2020-06-18 07:20:21","orangebobevil","â€œYou were never really a veganâ€ or â€œYou didnâ€™t do it right (AKA you forgot to cheat with animal foods when no one was looking) #exvegan #vegan #cheagan #meatismedicine #meatrxofficial @meat_rx https://t.co/0pQXOTjlH0","Twitter for Android",3,"","","NA NA NA NA NA NA NA NA","","NA NA","NA NA"
"California, USA",,,"2020-06-18 01:13:30","SBakerMD","â€œYou were never really a veganâ€ or â€œYou didnâ€™t do it right (AKA you forgot to cheat with animal foods when no one was looking) #exvegan #vegan #cheagan #meatismedicine #meatrxofficial @meat_rx https://t.co/0pQXOTjlH0","Instagram",3,"","","NA NA NA NA NA NA NA NA","exvegan vegan cheagan meatismedicine meatrxofficial","NA NA","NA NA"
"Manchester, England",,,"2020-06-17 19:36:20","JasonBromleyUK","A final vlog on Jon Venus.

#ExVegan #hunting #vegan #vegans #plantbased #veganism #LGBTQ #ToxicMasculinity
#realmen

https://t.co/AgAeJBRIJc","Twitter for Android",4,"","","NA NA NA NA NA NA NA NA","ExVegan hunting vegan vegans plantbased veganism LGBTQ ToxicMasculinity realmen","NA NA","NA NA"
"Oldham, England",,,"2020-06-17 18:35:49","VeganGuys","A final vlog on Jon Venus.

#ExVegan #hunting #vegan #vegans #plantbased #veganism #LGBTQ #ToxicMasculinity
#realmen

https://t.co/AgAeJBRIJc","Twitter for Android",4,"","","NA NA NA NA NA NA NA NA","ExVegan hunting vegan vegans plantbased veganism LGBTQ ToxicMasculinity realmen","NA NA","NA NA"
"Toulouse, France",,,"2020-06-15 20:23:12","DuvalLevesque","Happy 6-month #exvegan story https://t.co/sIXCL6Hb7r","Twitter for iPad",3,"","","NA NA NA NA NA NA NA NA","exvegan","NA NA","NA NA"
"Scotland",,,"2020-06-15 15:21:32","YsabelleStewart","Happy 6-month #exvegan story https://t.co/sIXCL6Hb7r","Twitter Web App",3,"","","NA NA NA NA NA NA NA NA","exvegan","NA NA","NA NA"
"Brooklyn, NY",,,"2020-06-15 15:03:23","Travis_Statham","Happy 6-month #exvegan story https://t.co/sIXCL6Hb7r","Twitter Web App",3,"","","NA NA NA NA NA NA NA NA","exvegan","NA NA","NA NA"
"",,,"2020-06-23 18:05:23","BizNewsJobs","My heart belongs to this industry <U+0001F954>
#TuesdayThoughts #meatlovers #hospitalityindustry #chef #4thJuly https://t.co/CTn044kZzh","HospitalityTrader Bot",1,"","","NA NA NA NA NA NA NA NA","TuesdayThoughts meatlovers hospitalityindustry chef 4thJuly","NA NA","NA NA"
"Cardiff, Wales",,,"2020-06-23 18:03:36","Franca13096873","My heart belongs to this industry <U+0001F954>
#TuesdayThoughts #meatlovers #hospitalityindustry #chef #4thJuly https://t.co/CTn044kZzh","Twitter for Android",1,"","","NA NA NA NA NA NA NA NA","TuesdayThoughts meatlovers hospitalityindustry chef 4thJuly","NA NA","NA NA"
"",,,"2020-06-23 16:40:01","BasitMehmood768","Spicy and authentic sindhi biryani k liye neechy walay link pe click karen
https://t.co/pMkj2LFwv8

#chicken #rice #biryani #ChickenBiryani #spicySindhiBiryani #spicyChickenBiryani #MeatLovers #chickenLovers #HealthyFood #sastaKhana #nutritious  #digestible #glutenFreeBiryani","Twitter Web App",0,"","","NA NA NA NA NA NA NA NA","chicken rice biryani ChickenBiryani spicySindhiBiryani spicyChickenBiryani MeatLovers chickenLovers HealthyFood sastaKhana nutritious digestible glutenFreeBiryani","NA NA","NA NA"
"Phoenix, AZ",,,"2020-06-23 14:58:32","thisgrilllife","Today we made some Chili Cheese Dogs on the Q for lunch. Very nice and will be repeated! Recipe from @jordalthuizen #BBQbuddiez #chilicheesedogs #thebastard #thebastardnl #bbq #kamado #bbqnl #bbqlife #outdoorcooking #bbqfoodie #meatlovers #altijdbbqweer #bbqlovers #bbqinspiratie https://t.co/CYgBOkEZaZ","Twitter for iPhone",1,"","","NA NA NA NA NA NA NA NA","","NA NA","NA NA"
"Nederland",,,"2020-06-23 14:41:33","BbqBuddiez","Today we made some Chili Cheese Dogs on the Q for lunch. Very nice and will be repeated! Recipe from @jordalthuizen #BBQbuddiez #chilicheesedogs #thebastard #thebastardnl #bbq #kamado #bbqnl #bbqlife #outdoorcooking #bbqfoodie #meatlovers #altijdbbqweer #bbqlovers #bbqinspiratie https://t.co/CYgBOkEZaZ","Twitter for iPhone",1,"","","NA NA NA NA NA NA NA NA","BBQbuddiez chilicheesedogs thebastard thebastardnl bbq kamado bbqnl bbqlife outdoorcooking bbqfoodie meatlovers altijdbbqweer bbqlovers bbqinspiratie","NA NA","NA NA"
"Nederland",,,"2020-06-16 19:31:22","BbqBuddiez","Today I made one of my favourites: Cast iron mussels with pancetta, garlic and thyme. We <U+2764><U+FE0F> this! #BBQbuddiez #mussels #thebastard #thebastardnl #bbq #kamado #bbqnl #bbqlife #outdoorcooking #bbqfoodie #meatlovers #altijdbbqweer #bbqlovers #bbqfood #bbqinspiratie #foodporn #grill https://t.co/e4X5Do4mQt","Twitter Web App",1,"","","NA NA NA NA NA NA NA NA","BBQbuddiez mussels thebastard thebastardnl bbq kamado bbqnl bbqlife outdoorcooking bbqfoodie meatlovers altijdbbqweer bbqlovers bbqfood bbqinspiratie foodporn grill","NA NA","NA NA"
"",,,"2020-06-23 14:24:28","pmb_tweets","The Olympic Games are for the world and all nations must be admitted to them. â€” Pierre de Coubertin

#WorldOlympicDay #Chicken #HalalChicken #Goat #Lamb #Freshmeat #ChickenWings #Seafoods #Meatlovers #Foodie #Halalmeat #Halalgoat #Halallamb #Premiermeatbazaar https://t.co/LKBp4VxcVM","Twitter Web App",0,"","","NA NA NA NA NA NA NA NA","WorldOlympicDay Chicken HalalChicken Goat Lamb Freshmeat ChickenWings Seafoods Meatlovers Foodie Halalmeat Halalgoat Halallamb Premiermeatbazaar","NA NA","NA NA"
"",,,"2020-06-19 17:15:24","pmb_tweets","Thanks to all our customers for your overwhelming support! For curbside pickup, please call. +1-(214)-892-9933
We are working for your safety with each order. https://t.co/nOqMzdHmV3
#Chicken #HalalChicken #Goat #Lamb #Freshmeat #Seafoods #Meatlovers #Foodie #Halalmeat #Halalgoat https://t.co/B3utvHGJXr","Twitter Web App",0,"","","NA NA NA NA NA NA NA NA","Chicken HalalChicken Goat Lamb Freshmeat Seafoods Meatlovers Foodie Halalmeat Halalgoat","NA NA","NA NA"
"",,,"2020-06-22 16:47:58","pmb_tweets","Order now at DesiDine2Go. Youâ€™ll love every bite of our delicious meat-guaranteed. So, what are you waiting for? Hurry up!! https://t.co/nOqMzdHmV3

#Chicken #HalalChicken #Goat #Lamb #Freshmeat #Seafoods #Meatlovers #Foodie #Halalmeat #Halalgoat #Halallamb #Premiermeatbazaar https://t.co/2PPfdhhxJH","Twitter Web App",0,"","","NA NA NA NA NA NA NA NA","Chicken HalalChicken Goat Lamb Freshmeat Seafoods Meatlovers Foodie Halalmeat Halalgoat Halallamb Premiermeatbazaar","NA NA","NA NA"
"Sayre, PA",,,"2020-06-23 13:04:34","DandyMiniMarts","When you don't feel like cooking, make dinner Dandy. We have a delicious meatlovers pizza, among others on our menu. Always hand-pressed, hot and fresh.

It's #dandytime #mmmdandy #godandy #pizza #meatlovers https://t.co/AJ9ObusvyT","Hootsuite Inc.",0,"","","NA NA NA NA NA NA NA NA","dandytime mmmdandy godandy pizza meatlovers","NA NA","NA NA"
"",,,"2020-06-23 10:08:02","OngelCansu","Look at this beauty! This was from a street food place very close to the city <U+0001F403> This vendor is called Carcass. 

â€¢ â€¢ â€¢ â€¢ â€¢ #meat #bbq #grill #beef #barbecue #steak #grilling #meatporn #meatlover #meatlovers #churrasco #redmeat #foodporn #food #foodie #carne https://t.co/3rFb0hwbOf","Buffer",1,"","","NA NA NA NA NA NA NA NA","meat bbq grill beef barbecue steak grilling meatporn meatlover meatlovers churrasco redmeat foodporn food foodie carne","NA NA","NA NA"
"",,,"2020-06-22 16:01:36","mealstock","What comes to mind when you see these skewers?

Credit- cheatmeats
#Mealstock #meat #meatmonday #foodie #meatlovers #beef #grill #bbq #steak https://t.co/FUpSsuuav2","Hootsuite Inc.",0,"","","NA NA NA NA NA NA NA NA","Mealstock meat meatmonday foodie meatlovers beef grill bbq steak","NA NA","NA NA"
"",,,"2020-06-23 09:30:19","mealstock","How do you love your steak? Is it
RARE
MEDIUM RARE
MEDIUM
MEDIUM WELL
WELL DONE

#Mealstock #steak #meat #meatlovers #grill #smoking #bbq #meatporn https://t.co/HQTTeTCneR","Hootsuite Inc.",0,"","","NA NA NA NA NA NA NA NA","Mealstock steak meat meatlovers grill smoking bbq meatporn","NA NA","NA NA"
"Dubai, United Arab Emirates",,,"2020-06-23 05:04:43","MobileBot01","<U+0001F449><U+0001F449>Limited Time Period Offer<U+0001F448><U+0001F448>

Fall in love with each loaf at Meatloaf<U+0001F60B><U+0001F60B>. Order 3000 &amp; above! Get freebies with order.. Stay Home, We deliver at your doorstep.

Download app Now
#Android: https://t.co/6po5pcw8GQ
#iOS : https://t.co/oneFajcAjU

#foodies #meatlovers #chicken https://t.co/II6G8tWLhp","MobileBot",1,"","","NA NA NA NA NA NA NA NA","","NA NA","NA NA"
"Panchkula",,,"2020-06-23 05:02:46","meatloafcpc","<U+0001F449><U+0001F449>Limited Time Period Offer<U+0001F448><U+0001F448>

Fall in love with each loaf at Meatloaf<U+0001F60B><U+0001F60B>. Order 3000 &amp; above! Get freebies with order.. Stay Home, We deliver at your doorstep.

Download app Now
#Android: https://t.co/6po5pcw8GQ
#iOS : https://t.co/oneFajcAjU

#foodies #meatlovers #chicken https://t.co/II6G8tWLhp","Twitter Web App",1,"","","NA NA NA NA NA NA NA NA","Android iOS foodies meatlovers chicken","NA NA","NA NA"
"California, USA",,,"2020-06-22 22:52:36","poundmelters_","Beef is one of the foods with high nutritional value and contain many essential amino acids, fats, minerals, vitamins <U+0001F969>Â 

 #healthyfood #food #yummy #beef #meat #meatlovers #grilling #steaklover https://t.co/7Q2lNibREN","eClincher",1,"","","NA NA NA NA NA NA NA NA","healthyfood food yummy beef meat meatlovers grilling steaklover","NA NA","NA NA"
"Santa Fe, NM, USA",,,"2020-06-22 21:58:38","beckandbulow","Buffalo Jerky: A Food With Ancient Origins Across The Globe .. https://t.co/WJHa8deZXU

#BuffaloJerky #Meat #MeatLovers #BuffaloMeat #PremiumBuffaloMeat #SantaFe #NewMexico #OrganicBuffaloMeat #BuffaloMeatCuts #GrassFedMeat #MeatForSale #MeatSale #RanchToDoor https://t.co/AZrUGYty9C","Twitter Web App",0,"","","NA NA NA NA NA NA NA NA","BuffaloJerky Meat MeatLovers BuffaloMeat PremiumBuffaloMeat SantaFe NewMexico OrganicBuffaloMeat BuffaloMeatCuts GrassFedMeat MeatForSale MeatSale RanchToDoor","NA NA","NA NA"
"",,,"2020-06-22 15:43:07","carnivoreclub","Moms always know best! Thanks for the share! <U+0001F64C>
Tag us in your Carnivore Club memories! 

#carnivoreclub #salamibouquet #giftidea #birthdaygift #meatlovers #moms #motherknowsbest #charcuterieboard #meatboard #subscriptionbox #supportcanadiancompanies #charcuterie https://t.co/TlyQTQdZXb","AgoraPulse Manager",0,"","","NA NA NA NA NA NA NA NA","carnivoreclub salamibouquet giftidea birthdaygift meatlovers moms motherknowsbest charcuterieboard meatboard subscriptionbox supportcanadiancompanies charcuterie","NA NA","NA NA"
"",,,"2020-06-21 14:43:06","carnivoreclub","Happy Father's Day to all the carnivore dads!  We hope you are enjoying your delicious meats! <U+0001F44F>

#carnivoreclub #fathersday #salamibouquet #meatlovers #dads #father #charcuterieboard #meatboard #subscriptionbox #supportcanadiancompanies #charcuterie https://t.co/voK72v5ltU","AgoraPulse Manager",0,"","","NA NA NA NA NA NA NA NA","carnivoreclub fathersday salamibouquet meatlovers dads father charcuterieboard meatboard subscriptionbox supportcanadiancompanies charcuterie","NA NA","NA NA"
"Guelph",,,"2020-06-22 13:49:31","GuelphBugle","Excited for when we start making some of our more elaborate cakes again! #deepdishpizza #deepdishpizzacake #pizzacake #pizza #guelphbakery #guelphcakes #meatlovers https://t.co/rGb5FeO4X8","Twitter for Android",1,"","","NA NA NA NA NA NA NA NA","deepdishpizza deepdishpizzacake pizzacake","NA NA","NA NA"
"Atlanta, GA",,,"2020-06-22 12:00:09","SircliftonNeal","#bbq #barbecue #grill #grilling #meat #beef #meatporn #bbqporn #bbqlife #barbeque #pork #biggreenegg #grillporn #weber #meatlovers #carne #brisket #bbqlovers #sauce #pepper#spicy #pork #porkbelly #ribs #pulledpork #chicken https://t.co/iboEl9mwSN","Ripl App",0,"","","NA NA NA NA NA NA NA NA","bbq barbecue grill grilling meat beef meatporn bbqporn bbqlife barbeque pork biggreenegg grillporn weber meatlovers carne brisket bbqlovers sauce pork porkbelly ribs pulledpork chicken","NA NA","NA NA"
"Atlanta, GA",,,"2020-06-22 12:00:08","SircliftonNeal","#free #shipping#bbq #barbecue #grill #grilling #meat #beef #meatporn #bbqporn #bbqlife #barbeque #pork #biggreenegg #grillporn #weber #meatlovers #carne #brisket #bbqlovers #sauce #pepper#spicy #pork #porkbelly #ribs #pulledpork #chicken https://t.co/Q7RKctOXbU","Ripl App",0,"","","NA NA NA NA NA NA NA NA","free barbecue grill grilling meat beef meatporn bbqporn bbqlife barbeque pork biggreenegg grillporn weber meatlovers carne brisket bbqlovers sauce pork porkbelly ribs pulledpork chicken","NA NA","NA NA"
"Atlanta, GA",,,"2020-06-19 16:00:09","SircliftonNeal","#free #shipping#bbq #barbecue #grill #grilling #meat #beef #meatporn #bbqporn #bbqlife #barbeque #pork #biggreenegg #grillporn #weber #meatlovers #carne #brisket #bbqlovers #sauce #pepper#spicy #pork #porkbelly #ribs #pulledpork #chicken https://t.co/FJGQ1CIw2U","Ripl App",0,"","","NA NA NA NA NA NA NA NA","free barbecue grill grilling meat beef meatporn bbqporn bbqlife barbeque pork biggreenegg grillporn weber meatlovers carne brisket bbqlovers sauce pork porkbelly ribs pulledpork chicken","NA NA","NA NA"
"Atlanta, GA",,,"2020-06-18 16:00:59","SircliftonNeal","#free #shipping#bbq #barbecue #grill #grilling #meat #beef #meatporn #bbqporn #bbqlife #barbeque #pork #biggreenegg #grillporn #weber #meatlovers #carne #brisket #bbqlovers #sauce #pepper#spicy #pork #porkbelly #ribs #pulledpork #chicken https://t.co/5x3WErEQEM","Ripl App",0,"","","NA NA NA NA NA NA NA NA","free barbecue grill grilling meat beef meatporn bbqporn bbqlife barbeque pork biggreenegg grillporn weber meatlovers carne brisket bbqlovers sauce pork porkbelly ribs pulledpork chicken","NA NA","NA NA"
"Atlanta, GA",,,"2020-06-21 16:00:12","SircliftonNeal","#best#bbq #barbecue #grill #grilling #meat #beef #meatporn #bbqporn #bbqlife #barbeque #pork #biggreenegg #grillporn #weber #meatlovers #carne #brisket #bbqlovers #sauce #pepper#spicy #pork #porkbelly #ribs #pulledpork #chicken https://t.co/7GSVINA1VO","Ripl App",0,"","","NA NA NA NA NA NA NA NA","barbecue grill grilling meat beef meatporn bbqporn bbqlife barbeque pork biggreenegg grillporn weber meatlovers carne brisket bbqlovers sauce pork porkbelly ribs pulledpork chicken","NA NA","NA NA"
"Atlanta, GA",,,"2020-06-18 21:30:20","SircliftonNeal","#bbq #barbecue #grill #grilling #meat #beef #meatporn #bbqporn #bbqlife #barbeque #pork #biggreenegg #grillporn #weber #meatlovers #carne #brisket #bbqlovers #sauce #pepper#spicy #pork #porkbelly #ribs #pulledpork #chicken https://t.co/dPXFwvq4yN","Ripl App",0,"","","NA NA NA NA NA NA NA NA","bbq barbecue grill grilling meat beef meatporn bbqporn bbqlife barbeque pork biggreenegg grillporn weber meatlovers carne brisket bbqlovers sauce pork porkbelly ribs pulledpork chicken","NA NA","NA NA"
"Atlanta, GA",,,"2020-06-16 21:30:08","SircliftonNeal","#free #shipping#bbq #barbecue #grill #grilling #meat #beef #meatporn #bbqporn #bbqlife #barbeque #pork #biggreenegg #grillporn #weber #meatlovers #carne #brisket #bbqlovers #sauce #pepper#spicy #pork #porkbelly #ribs #pulledpork #chicken https://t.co/vq2M97X0Tq","Ripl App",0,"","","NA NA NA NA NA NA NA NA","free barbecue grill grilling meat beef meatporn bbqporn bbqlife barbeque pork biggreenegg grillporn weber meatlovers carne brisket bbqlovers sauce pork porkbelly ribs pulledpork chicken","NA NA","NA NA"
"Atlanta, GA",,,"2020-06-21 12:00:08","SircliftonNeal","#love #always#bbq #barbecue #grill #grilling #meat #beef #meatporn #bbqporn #bbqlife #barbeque #pork #biggreenegg #grillporn #weber #meatlovers #carne #brisket #bbqlovers #sauce #pepper#spicy #pork #porkbelly #ribs #pulledpork #chicken https://t.co/l6NiaHizGt","Ripl App",0,"","","NA NA NA NA NA NA NA NA","love barbecue grill grilling meat beef meatporn bbqporn bbqlife barbeque pork biggreenegg grillporn weber meatlovers carne brisket bbqlovers sauce pork porkbelly ribs pulledpork chicken","NA NA","NA NA"
"Atlanta, GA",,,"2020-06-21 12:00:08","SircliftonNeal","#love #always#bbq #barbecue #grill #grilling #meat #beef #meatporn #bbqporn #bbqlife #barbeque #pork #biggreenegg #grillporn #weber #meatlovers #carne #brisket #bbqlovers #sauce #pepper#spicy #pork #porkbelly #ribs #pulledpork #chicken https://t.co/T3p7Y69iLp","Ripl App",0,"","","NA NA NA NA NA NA NA NA","love barbecue grill grilling meat beef meatporn bbqporn bbqlife barbeque pork biggreenegg grillporn weber meatlovers carne brisket bbqlovers sauce pork porkbelly ribs pulledpork chicken","NA NA","NA NA"
"Atlanta, GA",,,"2020-06-17 21:30:07","SircliftonNeal","#free #shipping#bbq #barbecue #grill #grilling #meat #beef #meatporn #bbqporn #bbqlife #barbeque #pork #biggreenegg #grillporn #weber #meatlovers #carne #brisket #bbqlovers #sauce #pepper#spicy #pork #porkbelly #ribs #pulledpork #chicken https://t.co/HTQNuhzwi2","Ripl App",0,"","","NA NA NA NA NA NA NA NA","free barbecue grill grilling meat beef meatporn bbqporn bbqlife barbeque pork biggreenegg grillporn weber meatlovers carne brisket bbqlovers sauce pork porkbelly ribs pulledpork chicken","NA NA","NA NA"
"Atlanta, GA",,,"2020-06-18 12:00:09","SircliftonNeal","#bbq #barbecue #grill #grilling #meat #beef #meatporn #bbqporn #bbqlife #barbeque #pork #biggreenegg #grillporn #weber #meatlovers #carne #brisket #bbqlovers #sauce #pepper#spicy #pork #porkbelly #ribs #pulledpork #chicken https://t.co/ZCdN8vD9vF","Ripl App",0,"","","NA NA NA NA NA NA NA NA","bbq barbecue grill grilling meat beef meatporn bbqporn bbqlife barbeque pork biggreenegg grillporn weber meatlovers carne brisket bbqlovers sauce pork porkbelly ribs pulledpork chicken","NA NA","NA NA"
"Atlanta, GA",,,"2020-06-17 16:01:09","SircliftonNeal","#free #shipping#bbq #barbecue #grill #grilling #meat #beef #meatporn #bbqporn #bbqlife #barbeque #pork #biggreenegg #grillporn #weber #meatlovers #carne #brisket #bbqlovers #sauce #pepper#spicy #pork #porkbelly #ribs #pulledpork #chicken https://t.co/SDSkgVGdqK","Ripl App",0,"","","NA NA NA NA NA NA NA NA","free barbecue grill grilling meat beef meatporn bbqporn bbqlife barbeque pork biggreenegg grillporn weber meatlovers carne brisket bbqlovers sauce pork porkbelly ribs pulledpork chicken","NA NA","NA NA"
"Atlanta, GA",,,"2020-06-19 12:00:09","SircliftonNeal","#bbq #barbecue #grill #grilling #meat #beef #meatporn #bbqporn #bbqlife #barbeque #pork #biggreenegg #grillporn #weber #meatlovers #carne #brisket #bbqlovers #sauce #pepper#spicy #pork #porkbelly #ribs #pulledpork #chicken https://t.co/3TMLCLYYOF","Ripl App",0,"","","NA NA NA NA NA NA NA NA","bbq barbecue grill grilling meat beef meatporn bbqporn bbqlife barbeque pork biggreenegg grillporn weber meatlovers carne brisket bbqlovers sauce pork porkbelly ribs pulledpork chicken","NA NA","NA NA"
"Atlanta, GA",,,"2020-06-20 19:30:10","SircliftonNeal","#DidYouKnow#bbq #barbecue #grill #grilling #meat #beef #meatporn #bbqporn #bbqlife #barbeque #pork #biggreenegg #grillporn #weber #meatlovers #carne #brisket #bbqlovers #sauce #pepper#spicy #pork #porkbelly #ribs #pulledpork #chicken https://t.co/djQ9wLghUf","Ripl App",0,"","","NA NA NA NA NA NA NA NA","barbecue grill grilling meat beef meatporn bbqporn bbqlife barbeque pork biggreenegg grillporn weber meatlovers carne brisket bbqlovers sauce pork porkbelly ribs pulledpork chicken","NA NA","NA NA"
"Atlanta, GA",,,"2020-06-16 21:30:09","SircliftonNeal","#bbq #barbecue #grill #grilling #meat #beef #meatporn #bbqporn #bbqlife #barbeque #pork #biggreenegg #grillporn #weber #meatlovers #carne #brisket #bbqlovers #sauce #pepper#spicy #pork #porkbelly #ribs #pulledpork #chicken https://t.co/ePKORfjjtH","Ripl App",0,"","","NA NA NA NA NA NA NA NA","bbq barbecue grill grilling meat beef meatporn bbqporn bbqlife barbeque pork biggreenegg grillporn weber meatlovers carne brisket bbqlovers sauce pork porkbelly ribs pulledpork chicken","NA NA","NA NA"
"Atlanta, GA",,,"2020-06-20 16:00:18","SircliftonNeal","#free #shipping#bbq #barbecue #grill #grilling #meat #beef #meatporn #bbqporn #bbqlife #barbeque #pork #biggreenegg #grillporn #weber #meatlovers #carne #brisket #bbqlovers #sauce #pepper#spicy #pork #porkbelly #ribs #pulledpork #chicken https://t.co/tZTjnRS584","Ripl App",0,"","","NA NA NA NA NA NA NA NA","free barbecue grill grilling meat beef meatporn bbqporn bbqlife barbeque pork biggreenegg grillporn weber meatlovers carne brisket bbqlovers sauce pork porkbelly ribs pulledpork chicken","NA NA","NA NA"
"Atlanta, GA",,,"2020-06-20 12:00:08","SircliftonNeal","#bbq #barbecue #grill #grilling #meat #beef #meatporn #bbqporn #bbqlife #barbeque #pork #biggreenegg #grillporn #weber #meatlovers #carne #brisket #bbqlovers #sauce #pepper#spicy #pork #porkbelly #ribs #pulledpork #chicken https://t.co/IXNphCjx51","Ripl App",0,"","","NA NA NA NA NA NA NA NA","bbq barbecue grill grilling meat beef meatporn bbqporn bbqlife barbeque pork biggreenegg grillporn weber meatlovers carne brisket bbqlovers sauce pork porkbelly ribs pulledpork chicken","NA NA","NA NA"
"Atlanta, GA",,,"2020-06-18 19:30:12","SircliftonNeal","#DidYouKnow#bbq #barbecue #grill #grilling #meat #beef #meatporn #bbqporn #bbqlife #barbeque #pork #biggreenegg #grillporn #weber #meatlovers #carne #brisket #bbqlovers #sauce #pepper#spicy #pork #porkbelly #ribs #pulledpork #chicken https://t.co/2eskanml34","Ripl App",0,"","","NA NA NA NA NA NA NA NA","barbecue grill grilling meat beef meatporn bbqporn bbqlife barbeque pork biggreenegg grillporn weber meatlovers carne brisket bbqlovers sauce pork porkbelly ribs pulledpork chicken","NA NA","NA NA"
"Atlanta, GA",,,"2020-06-18 16:00:09","SircliftonNeal","#free #shipping#bbq #barbecue #grill #grilling #meat #beef #meatporn #bbqporn #bbqlife #barbeque #pork #biggreenegg #grillporn #weber #meatlovers #carne #brisket #bbqlovers #sauce #pepper#spicy #pork #porkbelly #ribs #pulledpork #chicken https://t.co/67gDEPCn0U","Ripl App",0,"","","NA NA NA NA NA NA NA NA","free barbecue grill grilling meat beef meatporn bbqporn bbqlife barbeque pork biggreenegg grillporn weber meatlovers carne brisket bbqlovers sauce pork porkbelly ribs pulledpork chicken","NA NA","NA NA"
"Atlanta, GA",,,"2020-06-16 15:20:20","SircliftonNeal","#DidYouKnow#bbq #barbecue #grill #grilling #meat #beef #meatporn #bbqporn #bbqlife #barbeque #pork #biggreenegg #grillporn #weber #meatlovers #carne #brisket #bbqlovers #sauce #pepper#spicy #pork #porkbelly #ribs #pulledpork #chicken https://t.co/ZYEZfnAW6b","Ripl App",0,"","","NA NA NA NA NA NA NA NA","barbecue grill grilling meat beef meatporn bbqporn bbqlife barbeque pork biggreenegg grillporn weber meatlovers carne brisket bbqlovers sauce pork porkbelly ribs pulledpork chicken","NA NA","NA NA"
"Atlanta, GA",,,"2020-06-15 21:30:06","SircliftonNeal","#free #shipping#bbq #barbecue #grill #grilling #meat #beef #meatporn #bbqporn #bbqlife #barbeque #pork #biggreenegg #grillporn #weber #meatlovers #carne #brisket #bbqlovers #sauce #pepper#spicy #pork #porkbelly #ribs #pulledpork #chicken https://t.co/5RPflAjkw5","Ripl App",0,"","","NA NA NA NA NA NA NA NA","free barbecue grill grilling meat beef meatporn bbqporn bbqlife barbeque pork biggreenegg grillporn weber meatlovers carne brisket bbqlovers sauce pork porkbelly ribs pulledpork chicken","NA NA","NA NA"
"9 Douglas St., Guelph, ON",,,"2020-06-22 10:50:59","WellingtonCakes","Excited for when we start making some of our more elaborate cakes again! #deepdishpizza #deepdishpizzacake #pizzacake #pizza #guelphbakery #guelphcakes #meatlovers https://t.co/rGb5FeO4X8","Instagram",1,"","","NA NA NA NA NA NA NA NA","deepdishpizza deepdishpizzacake pizzacake pizza guelphbakery guelphcakes meatlovers","NA NA","NA NA"
"Los Angeles, CA, USA",,,"2020-06-22 00:32:26","OrthoMoon","Father's Day Treat...going Italian
.
#lafoodie #foodie #foodporn #eatLA #lafood #foodiela #eatingLA #losangeleseats #meatlover #meatlovers #seafood #seafoodlovers  #ilforno #santamonicarestaurants #italianfoodâ€¦ https://t.co/duCsju4k4g","Instagram",0,"United States","US","-118.5173575 -118.443482 -118.443482 -118.5173575 33.9951771 33.9951771 34.050199 34.050199","lafoodie foodie foodporn eatLA lafood foodiela eatingLA losangeleseats meatlover meatlovers seafood seafoodlovers ilforno santamonicarestaurants italianfood","-118.45478953 34.0199099","34.0199099 -118.45478953"
"",,,"2020-06-21 21:51:29","Afterstorm13","Real champions don't need meat to be at the top of their game! Nor do you... <U+0001F60A><U+0001F331><U+0001F331>

#govegan #vegans #vegan  #choosevegan #AACC #meat #meatlovers #veganinspiration #plantbased #meatfree #champion #champions https://t.co/jkRvI5upqF","Twitter Web App",9,"","","NA NA NA NA NA NA NA NA","govegan vegans vegan choosevegan","NA NA","NA NA"
"Florida, USA",,,"2020-06-21 20:43:23","BK_Consultant","Hard working father and why not hard paying father, <U+0001F923><U+0001F923><U+0001F923><U+0001F354><U+0001F354><U+0001F354>  #barbecue  #grilling  #bbq  #grill  #churrasco  #bbqlife  #churras  #bbqporn  #churrascada  #meat  #grillporn  #meatporn  #meatlovers  #beef  #biggreeneggâ€¦ https://t.co/sNw2JdSgpM","Instagram",0,"United States","US","-81.47749 -81.3272036 -81.3272036 -81.47749 28.250764 28.250764 28.3479768 28.3479768","barbecue grilling bbq grill churrasco bbqlife churras bbqporn churrascada meat grillporn meatporn meatlovers beef biggreenegg","-81.4129 28.304","28.304 -81.4129"
"London",,,"2020-06-21 12:43:20","JeanPatrique","Steak time<U+0001F969><U+0001F924>How do you like yours ? Comment below<U+0001F447>
.
.
.
.
#steak #steaktime #food #foodporn #JPcooks #JPkitchen #cookware #kitchenware #kitchen #foodporn #meatlovers #lovetocook #lovefood #tasty https://t.co/Y0ahOc9pK8","Instagram",0,"","","NA NA NA NA NA NA NA NA","steak steaktime food foodporn JPcooks JPkitchen cookware kitchenware kitchen foodporn meatlovers lovetocook lovefood tasty","NA NA","NA NA"
"",,,"2020-06-21 12:15:42","greyimagephoto","Australian Beef Rump Spaghetti by Chef Tarek Ibrahim<U+2060>
Shot for True Aussie Beef &amp; Lamb<U+2060>
Agency : Communion
#meatlovers #foodphotography #bahrainphotographer #bahrain #phaseone #foodstyling #TrueAussiemeat<U+2060> https://t.co/F0sKNGpX4R","LaterMedia",0,"","","NA NA NA NA NA NA NA NA","meatlovers foodphotography bahrainphotographer bahrain phaseone foodstyling TrueAussiemeat","NA NA","NA NA"
"Manchester",,,"2020-06-21 08:10:38","thegaudidragon","Real champions don't need meat to be at the top of their game! Nor do you... <U+0001F60A><U+0001F331><U+0001F331>

#govegan #vegans #vegan  #choosevegan #AACC #meat #meatlovers #veganinspiration #plantbased #meatfree #champion #champions https://t.co/jkRvI5upqF","Twitter for Android",9,"","","NA NA NA NA NA NA NA NA","govegan vegans vegan choosevegan","NA NA","NA NA"
"",,,"2020-06-20 20:01:06","VanessaJTreadw1","Real champions don't need meat to be at the top of their game! Nor do you... <U+0001F60A><U+0001F331><U+0001F331>

#govegan #vegans #vegan  #choosevegan #AACC #meat #meatlovers #veganinspiration #plantbased #meatfree #champion #champions https://t.co/jkRvI5upqF","Twitter Web App",9,"","","NA NA NA NA NA NA NA NA","govegan vegans vegan choosevegan","NA NA","NA NA"
"",,,"2020-06-20 19:58:05","LightspeedSteps","Real champions don't need meat to be at the top of their game! Nor do you... <U+0001F60A><U+0001F331><U+0001F331>

#govegan #vegans #vegan  #choosevegan #AACC #meat #meatlovers #veganinspiration #plantbased #meatfree #champion #champions https://t.co/jkRvI5upqF","Twitter Web App",9,"","","NA NA NA NA NA NA NA NA","govegan vegans vegan choosevegan","NA NA","NA NA"
"",,,"2020-06-20 19:57:48","rsarhhh","Real champions don't need meat to be at the top of their game! Nor do you... <U+0001F60A><U+0001F331><U+0001F331>

#govegan #vegans #vegan  #choosevegan #AACC #meat #meatlovers #veganinspiration #plantbased #meatfree #champion #champions https://t.co/jkRvI5upqF","Twitter Web App",9,"","","NA NA NA NA NA NA NA NA","govegan vegans vegan choosevegan","NA NA","NA NA"
"",,,"2020-06-20 19:57:30","meowwsss","Real champions don't need meat to be at the top of their game! Nor do you... <U+0001F60A><U+0001F331><U+0001F331>

#govegan #vegans #vegan  #choosevegan #AACC #meat #meatlovers #veganinspiration #plantbased #meatfree #champion #champions https://t.co/jkRvI5upqF","Twitter Web App",9,"","","NA NA NA NA NA NA NA NA","govegan vegans vegan choosevegan","NA NA","NA NA"
"Finland",,,"2020-06-20 19:57:07","Dragofix","Real champions don't need meat to be at the top of their game! Nor do you... <U+0001F60A><U+0001F331><U+0001F331>

#govegan #vegans #vegan  #choosevegan #AACC #meat #meatlovers #veganinspiration #plantbased #meatfree #champion #champions https://t.co/jkRvI5upqF","Twitter Web App",9,"","","NA NA NA NA NA NA NA NA","govegan vegans vegan choosevegan","NA NA","NA NA"
"Ontario, Canada",,,"2020-06-20 19:40:29","Al_Latkolik","Real champions don't need meat to be at the top of their game! Nor do you... <U+0001F60A><U+0001F331><U+0001F331>

#govegan #vegans #vegan  #choosevegan #AACC #meat #meatlovers #veganinspiration #plantbased #meatfree #champion #champions https://t.co/jkRvI5upqF","Twitter Web App",9,"","","NA NA NA NA NA NA NA NA","govegan vegans vegan choosevegan","NA NA","NA NA"
"South Africa",,,"2020-06-20 19:32:00","meatfreeplate","Real champions don't need meat to be at the top of their game! Nor do you... <U+0001F60A><U+0001F331><U+0001F331>

#govegan #vegans #vegan  #choosevegan #AACC #meat #meatlovers #veganinspiration #plantbased #meatfree #champion #champions https://t.co/jkRvI5upqF","TweetDeck",9,"","","NA NA NA NA NA NA NA NA","govegan vegans vegan choosevegan AACC meat meatlovers veganinspiration plantbased meatfree champion champions","NA NA","NA NA"
"South Africa",,,"2020-06-18 21:02:00","meatfreeplate","If we can't face the horrors of a slaughterhouse, how can we face anything? <U+0001F614><U+2060>

#bethechange #meatfree #animalrights #meat #meatlovers #plantbased #AACC #thursdaythoughts #vegan #meat #crueltyfree #govegan #maketheconnection https://t.co/HPX5gNKd9Y","TweetDeck",1,"","","NA NA NA NA NA NA NA NA","bethechange meatfree animalrights meat meatlovers plantbased AACC thursdaythoughts vegan meat crueltyfree govegan maketheconnection","NA NA","NA NA"
"California",,,"2020-06-20 19:01:37","MountainMikes","Winner takes all the pizza in this friendly game of basketball! <U+0001F3C0><U+0001F355> #TeamMountainMikes

#mountainmikespizza #mmp #mmpathome #crispycurlypepperoni #sliceofheaven #bestfoodpics #pepperoni #pepperonipizza #pepperonilover #meatlovers #pizza #basketball #playoutside #pickupgame https://t.co/IalkWo51Fq","Hootsuite Inc.",0,"","","NA NA NA NA NA NA NA NA","TeamMountainMikes mountainmikespizza mmp mmpathome crispycurlypepperoni sliceofheaven bestfoodpics pepperoni pepperonipizza pepperonilover meatlovers pizza basketball playoutside pickupgame","NA NA","NA NA"
"Miami,FL",,,"2020-06-20 17:11:12","Angel305G","My wife is set for the week and Iâ€™m set for bbq tomorrow. Woooo hoooo!! #nonvegan #meatlovers  #happyfathersday #wildforkfoods @ Westwood Lakes, Florida https://t.co/jLE1MgOU3t","Instagram",0,"","","NA NA NA NA NA NA NA NA","nonvegan meatlovers happyfathersday wildforkfoods","NA NA","NA NA"
"",,,"2020-06-20 11:03:23","ZuluMeats","#FathersDay from Zulu Meats.

#MeatLovers https://t.co/TezbMKgv34","Twitter for iPhone",0,"","","NA NA NA NA NA NA NA NA","FathersDay MeatLovers","NA NA","NA NA"
"",,,"2020-06-20 11:01:09","agnesbooks1","Any #meatlovers here","Twitter for Android",0,"","","NA NA NA NA NA NA NA NA","meatlovers","NA NA","NA NA"
"Minneapolis, Minnesota",,,"2020-06-19 20:20:34","SEVENMPLS","<U+0001F386> Great News! <U+0001F386> We are rolling out our full menu full of tasty sushi, steaks, seafood dishes &amp; more starting TONIGHT!! 

#steakdinner #meat #meatlover #meatlovers #grilled #meatporn #mn #minneapolis #mysaintpaul #twincitiesfoodie #mnfoodie #foodinspo #foodfortheday https://t.co/y9bZcd1NW9","Hootsuite Inc.",0,"","","NA NA NA NA NA NA NA NA","steakdinner meat meatlover meatlovers grilled meatporn mn minneapolis mysaintpaul twincitiesfoodie mnfoodie foodinspo foodfortheday","NA NA","NA NA"
"United States",,,"2020-06-19 18:06:35","jraysjerky","Do you ever wonder how J-Ray's #BestJerkyEVER has so much amazing flavor packed into it's bite? J-Ray marinates it for 24 full hours!

https://t.co/AY3qw6qogp

#BeefJerky #PorkJerky #ShopSmall #HandMade #MeatLovers https://t.co/UvskgRBXOY","Hootsuite Inc.",0,"","","NA NA NA NA NA NA NA NA","BestJerkyEVER BeefJerky PorkJerky ShopSmall HandMade MeatLovers","NA NA","NA NA"
"Santa Cruz, CA",,,"2020-06-19 15:39:02","russrankinNJD","If we can't face the horrors of a slaughterhouse, how can we face anything? <U+0001F614><U+2060>

#bethechange #meatfree #animalrights #meat #meatlovers #plantbased #AACC #thursdaythoughts #vegan #meat #crueltyfree #govegan #maketheconnection https://t.co/HPX5gNKd9Y","Twitter for iPhone",1,"","","NA NA NA NA NA NA NA NA","bethechange meatfree animalrights","NA NA","NA NA"
"La Republica del Bronx ",,,"2020-06-19 11:46:22","MrMichaelGerman","@JoePiscopoShow @JrzyJoePiscopo @patlafrieda @am970TheAnswer Now that's a guest I wanna hear from <U+0001F4AF> #MeatLovers #Unite","Twitter for Android",0,"","","NA NA NA NA NA NA NA NA","MeatLovers Unite","NA NA","NA NA"
"Wales, United Kingdom",,,"2020-06-18 21:29:23","findmydine","Like meat? Like pizza? Call us tonight on 029 2049 5975 and treat yourself to our new customer favourite, the Quattro Carni <U+0001F60B><U+0001F355>

#cardiff #roath #pizzeria #pizza #meatlovers https://t.co/0iUSNFW4x2","Twitter for Android",3,"","","NA NA NA NA NA NA NA NA","","NA NA","NA NA"
"",,,"2020-06-18 19:28:43","veddie11","Today I stepped off my flight from Minneapolis to Boston and realized, tragically, that I had left three slices of meat lovers pizza in my hotel room. I am currently boarding a flight back to Minneapolis #Pizza #Meatlovers","Twitter for iPhone",2,"","","NA NA NA NA NA NA NA NA","","NA NA","NA NA"
"Boston, Massachusetts",,,"2020-06-18 18:42:26","tbgrondin","Today I stepped off my flight from Minneapolis to Boston and realized, tragically, that I had left three slices of meat lovers pizza in my hotel room. I am currently boarding a flight back to Minneapolis #Pizza #Meatlovers","Twitter for iPhone",2,"","","NA NA NA NA NA NA NA NA","","NA NA","NA NA"
"",,,"2020-06-18 18:37:08","jtejad96","Today I stepped off my flight from Minneapolis to Boston and realized, tragically, that I had left three slices of meat lovers pizza in my hotel room. I am currently boarding a flight back to Minneapolis #Pizza #Meatlovers","Twitter for iPhone",2,"","","NA NA NA NA NA NA NA NA","Pizza Meatlovers","NA NA","NA NA"
"Cardiff",,,"2020-06-18 17:58:48","GillWru","Like meat? Like pizza? Call us tonight on 029 2049 5975 and treat yourself to our new customer favourite, the Quattro Carni <U+0001F60B><U+0001F355>

#cardiff #roath #pizzeria #pizza #meatlovers https://t.co/0iUSNFW4x2","Twitter for iPhone",3,"","","NA NA NA NA NA NA NA NA","","NA NA","NA NA"
"Cardiff, Wales",,,"2020-06-18 17:54:05","sideshow_2","Like meat? Like pizza? Call us tonight on 029 2049 5975 and treat yourself to our new customer favourite, the Quattro Carni <U+0001F60B><U+0001F355>

#cardiff #roath #pizzeria #pizza #meatlovers https://t.co/0iUSNFW4x2","Twitter for iPhone",3,"","","NA NA NA NA NA NA NA NA","","NA NA","NA NA"
"Cardiff, Wales",,,"2020-06-18 17:53:19","Anatoniscafe","Like meat? Like pizza? Call us tonight on 029 2049 5975 and treat yourself to our new customer favourite, the Quattro Carni <U+0001F60B><U+0001F355>

#cardiff #roath #pizzeria #pizza #meatlovers https://t.co/0iUSNFW4x2","Twitter for iPhone",3,"United Kingdom","GB","-3.278624 -3.0809756 -3.0809756 -3.278624 51.447362 51.447362 51.5466412 51.5466412","cardiff roath pizzeria pizza meatlovers","NA NA","NA NA"
"Illinois, USA",,,"2020-06-18 14:33:39","secondcityprime","Who would you share these delicious Amish Chicken Wings with? Tag them below!

Shop our Amish Chicken Wings here: https://t.co/gteObUHFrL

#BBQ #FathersDay #meatlovers #thursdayvibes https://t.co/7Vw8J38obm","Twitter Web App",0,"","","NA NA NA NA NA NA NA NA","BBQ FathersDay meatlovers thursdayvibes","NA NA","NA NA"
"West Midlands, England",,,"2020-06-18 09:38:58","Sticky_Beaks","Well that was a crazy rush last night and early hours today.

Sorry to those we have had to say no to.

Thank you for all the support.

#streetfood #meatlovers #thankyou #love #sundayroast #Sunday #fathersdayâ€¦ https://t.co/mU4B4i69FA","Instagram",0,"United Kingdom","GB","-2.033651 -1.74763 -1.74763 -2.033651 52.381063 52.381063 52.60687 52.60687","streetfood meatlovers thankyou love sundayroast Sunday fathersday","-1.83333333 52.5","52.5 -1.83333333"
"",,,"2020-06-18 08:54:10","renato_menna","CRAFTED MEAT by Die Gestalten Verlag // BOOK https://t.co/6cvy67Ong9 #charchuterie #meat #sausages #coldcuts #butcher #recipes #meatculture #kobe #wagyu #beef #connoisseur #food #foodactivist #craftedmeat #organic #sustainability #cooking #chefs #foodlovers #meatlovers","SysthubLive",1,"","","NA NA NA NA NA NA NA NA","charchuterie meat sausages coldcuts butcher","NA NA","NA NA"
"Graz, Ã–sterreich",,,"2020-06-18 08:53:35","thestylemate","CRAFTED MEAT by Die Gestalten Verlag // BOOK https://t.co/6cvy67Ong9 #charchuterie #meat #sausages #coldcuts #butcher #recipes #meatculture #kobe #wagyu #beef #connoisseur #food #foodactivist #craftedmeat #organic #sustainability #cooking #chefs #foodlovers #meatlovers","Twitter Web App",1,"","","NA NA NA NA NA NA NA NA","charchuterie meat sausages coldcuts butcher recipes meatculture kobe wagyu beef connoisseur food foodactivist craftedmeat organic sustainability cooking chefs foodlovers meatlovers","NA NA","NA NA"
"18010 Dallas Parkway, Dallas",,,"2020-06-17 17:47:02","12CutsSteak","Is your mouth watering, yet? Dine with us tonight or pick up to take home! Either way, when it's 12 Cuts Brazilian Steakhouse for dinner, all your senses will be delighted! Delivery also available! #12Cuts #DinnerTonight #MeatLovers #DineLocal #LocalRestaurant #NorthDallas https://t.co/RFUITwE4Wc","Buffer",0,"","","NA NA NA NA NA NA NA NA","12Cuts DinnerTonight MeatLovers DineLocal LocalRestaurant NorthDallas","NA NA","NA NA"
"Dubai, UAE",,,"2020-06-17 14:18:12","craveuae","#Meat lovers<U+0001F969><U+0001F357><U+0001F356> #festival<U+0001F389>

#Meatlovers, #Keto followers, or just plain #foodies, you are all invited to a festival from @AlKhettar thru ordering on https://t.co/yqGQoIXcMK. 

#JusticeForKhaled #TariqAziz #rt
#<U+0627><U+0644><U+0627><U+0647><U+0644><U+064A> #<U+062F><U+0648><U+0631><U+064A>_<U+0627><U+0644><U+062E><U+0644><U+064A><U+062C>_<U+0627><U+0644><U+0639><U+0631><U+0628><U+064A> #<U+064A><U+0648><U+0645>_<U+0627><U+0644><U+0627><U+0628>_<U+0627><U+0644><U+0639><U+0627><U+0644><U+0645><U+064A> #<U+0627><U+0644><U+064A><U+0648><U+0645>_<U+0627><U+0644><U+0639><U+0627><U+0644><U+0645><U+064A>_<U+0644><U+0644><U+062D><U+0628> https://t.co/K6WWjSH7gb","Twitter Web App",0,"","","NA NA NA NA NA NA NA NA","Meat festival Meatlovers Keto foodies JusticeForKhaled TariqAziz rt <U+0627><U+0644><U+0627><U+0647><U+0644><U+064A> <U+062F><U+0648><U+0631><U+064A>_<U+0627><U+0644><U+062E><U+0644><U+064A><U+062C>_<U+0627><U+0644><U+0639><U+0631><U+0628><U+064A> <U+064A><U+0648><U+0645>_<U+0627><U+0644><U+0627><U+0628>_<U+0627><U+0644><U+0639><U+0627><U+0644><U+0645><U+064A> <U+0627><U+0644><U+064A><U+0648><U+0645>_<U+0627><U+0644><U+0639><U+0627><U+0644><U+0645><U+064A>_<U+0644><U+0644><U+062D><U+0628>","NA NA","NA NA"
"Bedford, MA",,,"2020-06-17 13:40:29","baconised","Five minutes of your pleasure, in exchange for years of their suffering and abuse? Why be a tormentor of animals when you can be vegan?<U+2060>

#bethechange #meatfree #animalrights #meat #meatlovers #bacon #baconlovers #plantbased #AACC #pork #WednesdayWisdom #AACC #CrueltyFree #Vegan https://t.co/iHoGRlJkHF","Baconised",3,"","","NA NA NA NA NA NA NA NA","","NA NA","NA NA"
"United States",,,"2020-06-17 13:29:17","BrianLR19728","Five minutes of your pleasure, in exchange for years of their suffering and abuse? Why be a tormentor of animals when you can be vegan?<U+2060>

#bethechange #meatfree #animalrights #meat #meatlovers #bacon #baconlovers #plantbased #AACC #pork #WednesdayWisdom #AACC #CrueltyFree #Vegan https://t.co/iHoGRlJkHF","Twitter for iPhone",3,"","","NA NA NA NA NA NA NA NA","","NA NA","NA NA"
"",,,"2020-06-17 11:30:18","HartwoodFoods","We're still taking precautionary measures when delivering to you, to sustain safety. 
Order now, https://t.co/eW30I0dmvI

#fooddelivery #fooddeliveryservice #foodserviceuk #fooddeliveryuk #deliveryuk  #socialdistancing #socialdistancedelivery #delivery #contactless #meatlovers https://t.co/wGiOod9dey","PromoRepublic",0,"","","NA NA NA NA NA NA NA NA","fooddelivery fooddeliveryservice foodserviceuk fooddeliveryuk deliveryuk socialdistancing socialdistancedelivery delivery contactless meatlovers","NA NA","NA NA"
"Edinburgh",,,"2020-06-17 11:15:31","StacPollyEdin","We think @ProperPioneer has nailed it! Anticipation is building... make sure to follow for updates and more #Edinburgh #meatlovers #SouthAfrica #braai https://t.co/iBeKbTmIal","Twitter for iPad",0,"United Kingdom","GB","-3.3285119 -3.077505 -3.077505 -3.3285119 55.894729 55.894729 55.991662 55.991662","Edinburgh meatlovers SouthAfrica braai","NA NA","NA NA"
"Dar es Salaam, Tanzania",,,"2020-06-17 07:33:43","ChickenUtamu","Break the mid - week blues with healthy and tasty chicken.
Order now: 0719234086
#freshchicken #halalchicken #freshmeat #kuku #chickenutamu #chickenmeat #meatlovers https://t.co/V8E9BLW9GW","Twitter for iPhone",0,"","","NA NA NA NA NA NA NA NA","freshchicken halalchicken freshmeat kuku chickenutamu chickenmeat meatlovers","NA NA","NA NA"
"San Francisco",,,"2020-06-17 06:47:43","socialsf","#suppertime #pizzanight #cookedtoperfection #cheesypizza #pizzaporn #meatlovers #quarantinediaries @ Lower Pacific Heights https://t.co/rkmpblMaId","Instagram",0,"","","NA NA NA NA NA NA NA NA","suppertime pizzanight cookedtoperfection cheesypizza pizzaporn meatlovers quarantinediaries","NA NA","NA NA"
"Bratislava",,,"2020-06-17 04:41:23","JozefObuch","Prague, anyone? Yay! https://t.co/4eK1Nm5oyj #foodtips #prague #praha #umateje #restaurant #krokitchen #bistro #rottiserie #nasemaso #butchers #czechrepublic #czechcuisine #meatlovers #dinner #foodandtravel #traveltips #inspiration #foodblog #natanierisk #foodie #trips #citybreak https://t.co/4QrnpVZAO4","Twitter for iPhone",1,"","","NA NA NA NA NA NA NA NA","foodtips prague praha umateje restaurant krokitchen bistro rottiserie","NA NA","NA NA"
"Pomona, CA",,,"2020-06-16 23:19:08","CalFlameBBQ","Did you know that Cal Flameâ„¢ BBQ Grills are designed to cook any food items? Read our latest blog on 5 Food Items that you can grill with a Cal Flameâ„¢ BBQ Grill!

Link: https://t.co/jls0gJFBCz

#CalFlameBBQ  #Summer2020 #CalFlame #BBQSeason #BBQGrill #Meatlovers #Health https://t.co/vtUBDdKn9G","Twitter Web App",0,"","","NA NA NA NA NA NA NA NA","CalFlameBBQ Summer2020 CalFlame BBQSeason BBQGrill Meatlovers Health","NA NA","NA NA"
"",,,"2020-06-16 22:58:50","BbqQuick","Here are 5 BBQ Items that you need to buy and add onto your Outdoor Kitchen!

For more information on BBQ parts, go to https://t.co/DSGvwH17vp

#QuickBBQParts #Grilling #BBQ #Meatlovers #Foodie #Summervibes #Summertime #Summer #Summer2020 #GrillingSeason https://t.co/1fAfGk3vz7","Twitter Web App",0,"","","NA NA NA NA NA NA NA NA","QuickBBQParts Grilling BBQ Meatlovers Foodie Summervibes Summertime Summer Summer2020 GrillingSeason","NA NA","NA NA"
"Utrecht, Netherlands",,,"2020-06-16 19:33:54","M_van_Dalen","Today I made one of my favourites: Cast iron mussels with pancetta, garlic and thyme. We <U+2764><U+FE0F> this! #BBQbuddiez #mussels #thebastard #thebastardnl #bbq #kamado #bbqnl #bbqlife #outdoorcooking #bbqfoodie #meatlovers #altijdbbqweer #bbqlovers #bbqfood #bbqinspiratie #foodporn #grill https://t.co/e4X5Do4mQt","Twitter for Mac",1,"","","NA NA NA NA NA NA NA NA","BBQbuddiez mussels","NA NA","NA NA"
"Slovakia, Europe",,,"2020-06-16 19:22:17","natanierisk","Prague, anyone? Yay! https://t.co/4eK1Nm5oyj #foodtips #prague #praha #umateje #restaurant #krokitchen #bistro #rottiserie #nasemaso #butchers #czechrepublic #czechcuisine #meatlovers #dinner #foodandtravel #traveltips #inspiration #foodblog #natanierisk #foodie #trips #citybreak https://t.co/4QrnpVZAO4","Twitter Web App",1,"","","NA NA NA NA NA NA NA NA","foodtips prague praha umateje restaurant krokitchen bistro rottiserie nasemaso butchers czechrepublic czechcuisine meatlovers dinner foodandtravel traveltips inspiration foodblog natanierisk foodie trips citybreak","NA NA","NA NA"
"Bend, Oregon",,,"2020-06-16 18:07:41","DansSmoked","Danâ€™s Meat Lovers Basket is sure to please all the Dads in your life! 970-623-5804 or visit https://t.co/SuFgrp5BtQ #giftbox #gourmetbaskets #meatlovers #meat #jerky #covid19 #fathersday #inBend #treatsfordad #dadsday #fathersday2020 #dannieandlanette #danssmokedsalmon https://t.co/xx6ExPaYzf","Buffer",0,"","","NA NA NA NA NA NA NA NA","giftbox gourmetbaskets meatlovers meat jerky covid19 fathersday inBend treatsfordad dadsday fathersday2020 dannieandlanette danssmokedsalmon","NA NA","NA NA"
"United Kingdom",,,"2020-06-16 17:13:07","halalspotapp","To share or not to share...do you think you could tackle one of our sharing #platters to yourself? <U+0001F440><U+0001F60D><U+0001F525> #meatlovers #foodies https://t.co/VCxlHOsSOr","Twitter for Android",1,"","","NA NA NA NA NA NA NA NA","platters meatlovers","NA NA","NA NA"
"United Kingdom & United States",,,"2020-06-16 09:11:01","BlackRockGrill","Make meal time memorable. Bring some theatre to the table with our exclusive hot stone cooking sets
https://t.co/msIhPU0mSN
#carnivore #grilling #foodie #stonegrill #meatlovers #beef #cookingathome #dining #steaknight #sizzling https://t.co/IHctwRgYOB","Zoho Social",0,"","","NA NA NA NA NA NA NA NA","carnivore grilling foodie stonegrill meatlovers beef cookingathome dining steaknight sizzling","NA NA","NA NA"
"Waldorf, MD",,,"2020-06-15 23:41:52","gibre_raychaws","Got leftovers? Make a #stromboli. #chickenbbq #meatlovers #pepperoni #ProsciuttoArugulaChickenMushroomSauce #chefboyrbri https://t.co/hypZE0LoLf","Instagram",0,"","","NA NA NA NA NA NA NA NA","stromboli chickenbbq meatlovers pepperoni ProsciuttoArugulaChickenMushroomSauce chefboyrbri","NA NA","NA NA"
"El Nido, Palawan",,,"2020-06-15 23:29:47","ElNidoArtcafe","BABY BACK RIBS!

Available today!  #ArtcafeElNido #Eatwell #dineIn #EatingOut #meatlovers #foodies #pork #backribs #Dining #philippines #palawan #elnido #elnidoartcafe https://t.co/IAVDpsSL3u","Twitter for iPad",0,"","","NA NA NA NA NA NA NA NA","ArtcafeElNido Eatwell dineIn EatingOut meatlovers foodies pork backribs Dining philippines palawan elnido elnidoartcafe","NA NA","NA NA"
"Austin, Texas",,,"2020-06-15 21:22:49","CodeNameFaith","For tonight's dinner... #brisket. Why? Because, why not? Yum!! <U+0001F60B><U+0001F924><U+0001F37D><U+FE0F><U+0001F499> cooking_with_fire___ good enough?? <U+0001F601><U+0001F44D><U+0001F3FB>
#meatlovers #meateater #meat #delicious #meatmefordinner #lovebrisket #dinnertime https://t.co/0KJiDVdMtg","Instagram",0,"","","NA NA NA NA NA NA NA NA","brisket meatlovers meateater meat delicious meatmefordinner lovebrisket dinnertime","NA NA","NA NA"
"Lenoir City, TN",,,"2020-06-15 17:31:44","gkrepps","@youngjamesbbq 's beautiful reverse seared steak from a couple months ago still has us drooling <U+0001F924> 

#MyMeatStick #meatlover #meatporn #foodporn #meat #bbq #food #instafood #foodie #beef #steak #grill #bbqporn #meatlovers #grilling #foodlover #steakporn #butcher #bbqlovers https://t.co/8kLP0U3V0v","Twitter for Android",1,"","","NA NA NA NA NA NA NA NA","","NA NA","NA NA"
"Los Angeles, CA",,,"2020-06-15 17:30:47","TrueMeatStick","@youngjamesbbq 's beautiful reverse seared steak from a couple months ago still has us drooling <U+0001F924> 

#MyMeatStick #meatlover #meatporn #foodporn #meat #bbq #food #instafood #foodie #beef #steak #grill #bbqporn #meatlovers #grilling #foodlover #steakporn #butcher #bbqlovers https://t.co/8kLP0U3V0v","Hootsuite Inc.",1,"","","NA NA NA NA NA NA NA NA","MyMeatStick meatlover meatporn foodporn meat bbq food instafood foodie beef steak grill bbqporn meatlovers grilling foodlover steakporn butcher bbqlovers","NA NA","NA NA"
"Red Deer, AB",,,"2020-06-15 15:34:01","ChadinRedDeer","It just looks stressful for everyone. #MeatLovers https://t.co/KXdRmdbang","Twitter Web App",0,"","","NA NA NA NA NA NA NA NA","MeatLovers","NA NA","NA NA"
"Cascadia",,,"2020-06-21 15:47:48","SciBasedNutr","#AntiVegan is a cult. #ProGMO is a cult. #antivegancult #progmocult #gmo #vegan #rdchat","Twitter Web App",1,,,"NA NA NA NA NA NA NA NA","AntiVegan ProGMO antivegancult progmocult gmo vegan rdchat","NA NA","NA NA"
"",,,"2020-06-21 21:51:29","Afterstorm13","Real champions don't need meat to be at the top of their game! Nor do you... <U+0001F60A><U+0001F331><U+0001F331>

#govegan #vegans #vegan  #choosevegan #AACC #meat #meatlovers #veganinspiration #plantbased #meatfree #champion #champions https://t.co/jkRvI5upqF","Twitter Web App",9,,,"NA NA NA NA NA NA NA NA","govegan vegans vegan choosevegan","NA NA","NA NA"
"South Africa",,,"2020-06-20 19:32:00","meatfreeplate","Real champions don't need meat to be at the top of their game! Nor do you... <U+0001F60A><U+0001F331><U+0001F331>

#govegan #vegans #vegan  #choosevegan #AACC #meat #meatlovers #veganinspiration #plantbased #meatfree #champion #champions https://t.co/jkRvI5upqF","TweetDeck",9,,,"NA NA NA NA NA NA NA NA","govegan vegans vegan choosevegan AACC meat meatlovers veganinspiration plantbased meatfree champion champions","NA NA","NA NA"
"Toronto, Ontario",,,"2020-07-21 03:02:26","saldsouza","@Nerdiac @WholeManDispose @AITA_reddit This isn't an anti-vegan community, this is an anti-AH community, most of us know not all vegans are TA","Twitter for Android",0,"","","NA NA NA NA NA NA NA NA","","NA NA","NA NA"
"Cincinnati, OH",,,"2020-07-21 02:17:10","mandarabic","i donâ€™t understand why the progressive left is so anti vegan. they cannot have a conversation about veganism without it being negative. meanwhile the industry is destroying our environment, polluting low income communities &amp; ruining indigenous land &amp; yâ€™all just silent.","Twitter for iPhone",344,"","","NA NA NA NA NA NA NA NA","","NA NA","NA NA"
"San Diego",,,"2020-07-21 00:05:59","mblasterx","Piece I wrote about the most logical anti-vegan arguments; not the dumb stuff, but the stuff I've heard from smarter people: 

https://t.co/I7XZxDoPE3

(I still don't understand why one can't use TOC internal # links in @Medium posts, kind of annoying.)","Twitter for iPhone",3,"","","NA NA NA NA NA NA NA NA","","NA NA","NA NA"
"",,,"2020-07-12 21:58:16","MarieCorcoran13","Anti-vegan twats really have been so disgraceful regarding the death of Regan Russell. Though, they actively promote the exploitation and killing of sentient beings and work against their interests, so I don't know why I'm surprised https://t.co/haADaTgc8D","Twitter Web App",9,"","","NA NA NA NA NA NA NA NA","","NA NA","NA NA"
"Santiago, Chile",,,"2020-07-20 21:44:29","endIessbIues","Of course anti-vegan posts go viral. Nonvegans may crave animal flesh and secretions, but that's nothing compared to how much they crave some kind of assurance that there's nothing immoral about their violent choices. An anti-vegan post is the remedy for a guilty conscience.","Twitter for iPhone",212,"","","NA NA NA NA NA NA NA NA","","NA NA","NA NA"
"",,,"2020-07-20 14:33:58","martinbido1","Yo toy tan anti vegan que yo vi el real bistec https://t.co/TIvT9ZHaMn","Twitter for iPhone",1,"","","NA NA NA NA NA NA NA NA","","NA NA","NA NA"
"",,,"2020-07-19 23:52:15","nhaame","Anti-vegan/veg sÃ£o extremamente chatos. Admite logo que vc come carne pq gosta e nÃ£o tÃ¡ afim de parar porra, cÃª nÃ£o tÃ¡ nem aÃ­ pra prÃ³pria saÃºde,  quem dirÃ¡ a dos outros. Tira argumento do rabo pra querer invalidar a reeducaÃ§Ã£o alimentar dos outros nos poupe","Twitter for Android",1,"","","NA NA NA NA NA NA NA NA","","NA NA","NA NA"
"Pflugerville, Texas",,,"2020-07-19 19:57:43","ynvrenapfluger","Anti-Vegan Seafood Restaurant Forced to Apologize for Inciting Racist Attack on Black-Owned Vegan CafÃ©&amp;nbsp; https://t.co/WNqFCqYNgn via @VegNews https://t.co/IcuSLUyGQM","Twitter Web App",28,"","","NA NA NA NA NA NA NA NA","","NA NA","NA NA"
"Atlanta, GA",,,"2020-07-19 14:54:18","DanetteMossATL","Anti-Vegan Seafood Restaurant @JimmysSeafood Forced to Apologize for Inciting Racist Attack on Black-Owned Vegan CafÃ©; https://t.co/6bdv2Ab0RI via @VegNews","Twitter for iPhone",1,"","","NA NA NA NA NA NA NA NA","","NA NA","NA NA"
"she/her",,,"2020-07-19 10:16:33","laytite","@jannosaurus was hatâ€™s eigentlich mit almans auf sich so ne anti vegan agenda zu leben, im sorry jÃ¼rgen wenigstens sterbe ich nicht nach 30 und habe pigfat in meinen adern","Twitter for iPhone",4,"","","NA NA NA NA NA NA NA NA","","NA NA","NA NA"
"Jeddah",,,"2020-07-19 05:20:06","Arweeta","@margaritaevna95 Anti-vegan is anti-history. ""Per aspera ad astra"" meaning ""through hardships to the stars"" is the truth for #Vegans and meaningless to the privileged child who argues against peace, compassion and our ecosystem with cheap ideas. You support violence, pandemics and global warming.","Twitter for iPhone",2,"","","NA NA NA NA NA NA NA NA","","NA NA","NA NA"
"S. Florida <U+2708><U+FE0F> LA ",,,"2020-07-16 19:26:12","soulphoodie","https://t.co/KzC5Tx4oLK","Twitter Web App",45,"","","NA NA NA NA NA NA NA NA","","NA NA","NA NA"
"she/her aro | northern irish",,,"2020-07-18 02:00:34","awayfrommyg","Without relying on at least one of the myths that ALL vegans are white, think their diet is completely free of cruelty to all humans/animals or wants to force everyone who canâ€™t go vegan to do so, most anti-vegan arguments I see on this app would fall apart.","Twitter for iPhone",7,"","","NA NA NA NA NA NA NA NA","","NA NA","NA NA"
"",,,"2020-07-17 21:52:51","Kintsug69960493","Anti-Vegan posts are popular because they placate the ego of non-vegans, usually renducing the torture of animals to a punchline. Every. Single. Day.

A vegan posts a joke poking fun at bloodmouths and cheesebreaths and the emotional manipulation begins, from both sides.","Twitter for Android",23,"","","NA NA NA NA NA NA NA NA","","NA NA","NA NA"
"La la land",,,"2020-07-16 16:10:11","Tweets4Vegans","Racists are everywhere. <U+0001F621>#JimmysFamousSeafood, shame on you and your punk-ass bullshit.  #vegan https://t.co/aNsleeqj9F","tweets4gamerz",5,"","","NA NA NA NA NA NA NA NA","JimmysFamousSeafood vegan","NA NA","NA NA"
"North West, England",,,"2020-07-14 19:22:58","milkmyoats","Karen's are definitely anti-vegan.","Twitter for iPhone",9,"","","NA NA NA NA NA NA NA NA","","NA NA","NA NA"
"Ottawa, ON",,,"2020-07-17 11:15:16","MarsheeM","Interesting that the brand (who likely employs no POC) did not realize the impact hits different when the target is a BW. https://t.co/DeLRH9mp7w","Twitter for Android",17,"","","NA NA NA NA NA NA NA NA","","NA NA","NA NA"
"Gifhorn, Deutschland",,,"2020-07-12 07:09:42","FrankSeyen","Imagine thinking being an anti-vegan is a sufficient substitute for having a personality.","Twitter for Android",78,"","","NA NA NA NA NA NA NA NA","","NA NA","NA NA"
"Canada",,,"2020-07-13 18:42:50","karla_otte","@JimmysSeafood If you really meant what you said in your apology post earlier, youâ€™d delete all your anti-vegan propaganda. Itâ€™s that simple really. If youâ€™re gonna talk the talk, you gotta walk the walk. Donâ€™t be hypocrites.","Twitter Web App",1,"","","NA NA NA NA NA NA NA NA","","NA NA","NA NA"
"I am constantly amazed",,,"2020-07-16 18:39:29","ukmav","@Roasting_Jay Must be devastating for you to to see that your lame attempt at going viral by usual trick of posting anti-vegan garbage, did not work out. Now you will have to wait for another month or so, until all 2 of your brain cells can come up with another idea.","Twitter for iPhone",2,"","","NA NA NA NA NA NA NA NA","","NA NA","NA NA"
"I am constantly amazed",,,"2020-07-15 09:03:30","ukmav","@Veganella_ @VegetablesEats @TweeterSuch @ukmav @VblalB @NigelCo14798581 @hilltopgina @me1stVegan2nd @joelle47019650 @MICHAEL91268527 @VeganRachel @83426life Anti vegan troll <U+0001F92E>","Twitter for iPhone",1,"","","NA NA NA NA NA NA NA NA","","NA NA","NA NA"
"New Rochelle, NY",,,"2020-07-15 16:24:54","DubsideP1","Whenever an anti-vegan tweet goes viral, you just know that everyone that retweets or likes it is using it as a shield to protect them from accepting their own cognitive dissonance and hypocrisy.","Twitter for iPhone",23,"","","NA NA NA NA NA NA NA NA","","NA NA","NA NA"
"Ile-de-France, France",,,"2020-07-15 14:30:40","mynameisjuu","Il ouvre le premier restaurant ANTI-VEGAN
#broute #Vegan https://t.co/Fh86JpmwEP","Twitter for iPhone",9424,"","","NA NA NA NA NA NA NA NA","broute Vegan","NA NA","NA NA"
"England, United Kingdom",,,"2020-07-14 15:26:50","SarahSmales","I promise, I am not anti-carnivore or anti-vegan or anti-keto or anti-poptarts.

I AM anti-""spreading misinformation &amp; outright lies to justify your personal diet choices (that dont even need justification).""","Twitter for Android",62,"","","NA NA NA NA NA NA NA NA","","NA NA","NA NA"
"",,,"2020-07-14 03:26:49","thetahoguy","One of my favourite phenomenons on Twitter is when someone sees a tweet that is related to veganism but isnâ€™t even necessarily promoting it, and they launch into their pet anti-vegan argument anyway despite it being completely irrelevant to the conversation https://t.co/e0YlZY4oJT","Twitter Web App",18,"","","NA NA NA NA NA NA NA NA","","NA NA","NA NA"
"Fairburn, GA",,,"2020-07-12 23:29:21","Derrick_Wolfrex","@BannedTofuWiz Looks like Jimmyâ€™s Famous Seafood in Baltimore Maryland been doing this anti-vegan and racist stuff for awhile! https://t.co/JZ1TB9gyUJ","Twitter Web App",1,"","","NA NA NA NA NA NA NA NA","","NA NA","NA NA"
"west wales",,,"2020-07-12 21:46:52","singingkettle","A restaurant not worth tagging is shitposting about this delicious looking post of #vegan crab cakes. This place uses the same tired anti-vegan rhetoric all the time but now their fans are flooding @veganhippiesol w/hate. Letâ€™s flood her w/<U+2764><U+FE0F> instead cuz that looks amazing <U+0001F60D> https://t.co/lqn9pooLnv","Twitter for Android",6,"","","NA NA NA NA NA NA NA NA","vegan","NA NA","NA NA"
"Houston, TX",,,"2020-07-12 20:58:05","crowntheowl","My first anti vegan on tiktok <U+0001F496> big man got a masters in nutrition which taught him theirs no nutrients in any vegan food, man better look for a refund on that degree ://// https://t.co/UjeGGWp6ks","Twitter for iPhone",1,"","","NA NA NA NA NA NA NA NA","","NA NA","NA NA"
"Geosynchronous Orbit",,,"2020-07-12 16:20:26","Cheyla","Absolutely love to see â€˜anti veganâ€™ accounts trying to tell me my pesto is going to make me ill <U+0001F496><U+0001F496> focus on yourself and ur dead animal diet luv x https://t.co/KL80KwGSIV","Twitter Web App",3,"","","NA NA NA NA NA NA NA NA","","NA NA","NA NA"
"Kehl, Deutschland",,,"2020-07-20 14:26:19","obermotzer","Mahlzeit!
#AttilaHildmann #Vegazis #Lecker #Antivegan #StayAwake https://t.co/Fd6yWeCxDE","Twitter for Android",0,,,"NA NA NA NA NA NA NA NA","AttilaHildmann Vegazis Lecker Antivegan StayAwake","NA NA","NA NA"
"Planet Earth",,,"2020-07-19 13:12:41","1VeGaNbIOtCh","#Vegans can be shrill. But let's face it, they are usually talking sense.  

In my experience those that idenfity as #antivegan are among the most unpleasant characters on the internet. They seem to thrive on upsetting others. https://t.co/7wikbck4Ef","Twitter for iPhone",6,,,"NA NA NA NA NA NA NA NA","Vegans","NA NA","NA NA"
"Wisconsin",,,"2020-07-15 14:55:01","PaulSpottswood","""Bloody carb eaters. They need so much variety don't they?
Just eat meat and drink water!""

My Son, 14 years old.

#carnivorediet
@StickmanBleedin 
#yes2meat
#antivegan","Twitter Web App",9,,,"NA NA NA NA NA NA NA NA","","NA NA","NA NA"
"Les mureaux ",,,"2020-07-15 14:00:32","TchernoGibz","CLASH <U+0001F6A8><U+0001F6A8><U+0001F6A8><U+0001F6A8><U+0001F6A8><U+0001F6A8><U+0001F6A8><U+0001F6A8><U+0001F6A8><U+0001F6A8> VOICI UNE EXCLU DE LA RÃ‰PONSE DE @TchernoGibz LORS DÃ‰BAT ""QUEL ALIMENT FAUT IL BANNIR DE LA PLANÃˆTE"" #antivegan https://t.co/LI21Q8uyoV","Twitter for iPhone",1,,,"NA NA NA NA NA NA NA NA","","NA NA","NA NA"
"California, USA",,,"2020-07-14 20:54:15","spikeanselm","#vegan #ahimsa #lifestyle #society #antivegan #health #maketheshift #veganrunners #veganathletes #doyourpart #chronicillness #meat #meatlover #bacon #beef #bbq #chicken #dairy #dairyfarming #vegans #life #foodshare #foodporn #keto #govegan #vegangirl #veganwitch #animallover https://t.co/obRHuEPIb6","Twitter for iPhone",1,,,"NA NA NA NA NA NA NA NA","vegan ahimsa lifestyle society antivegan health maketheshift veganrunners veganathletes doyourpart","NA NA","NA NA"
"<U+0001F969><U+0001F356><U+0001F357><U+0001F953><U+8089><U+306E><U+7D75><U+6587><U+5B57><U+5897><U+3048><U+308D><U+0001F959><U+0001F32E><U+0001F958><U+0001F35B>",,,"2020-07-14 19:42:04","ihate_extreme","#<U+52D5><U+7269><U+6027><U+30BF><U+30F3><U+30D1><U+30AF><U+8CEA><U+3068><U+690D><U+7269><U+6027><U+30BF><U+30F3><U+30D1><U+30AF><U+8CEA><U+306F><U+5225><U+7269><U+3067><U+3059>

<U+305D><U+308C><U+305E><U+308C><U+9055><U+3046><U+5229><U+70B9><U+304C><U+3042><U+308B><U+306E><U+3067><U+690D><U+7269><U+6027><U+30BF><U+30F3><U+30D1><U+30AF><U+8CEA><U+3067><U+52D5><U+7269><U+6027><U+30BF><U+30F3><U+30D1><U+30AF><U+8CEA><U+306E><U+4EE3><U+7528><U+51FA><U+6765><U+307E><U+305B><U+3093><U+3057><U+9006><U+3082><U+7136><U+308A><U+3067><U+3059>

<U+3064><U+307E><U+308A><U+5927><U+8C46><U+30DF><U+30FC><U+30C8><U+3068><U+304B><U+3044><U+3046><U+30CB><U+30AF><U+30E2><U+30C9><U+30AD><U+306F><U+8089><U+306E><U+4EE3><U+7528><U+306B><U+306A><U+308A><U+307E><U+305B><U+3093>

<U+904E><U+6FC0><U+6D3E><U+30F4><U+30A3><U+30FC><U+30AC><U+30F3><U+3055><U+3093><U+73FE><U+5B9F><U+3092><U+898B><U+307E><U+3057><U+3087><U+3046>

#NoVegan #antivegan https://t.co/L3TwBExwTS","Twitter Web App",2,,,"NA NA NA NA NA NA NA NA","<U+52D5><U+7269><U+6027><U+30BF><U+30F3><U+30D1><U+30AF><U+8CEA><U+3068><U+690D><U+7269><U+6027><U+30BF><U+30F3><U+30D1><U+30AF><U+8CEA><U+306F><U+5225><U+7269><U+3067><U+3059>","NA NA","NA NA"
"",,,"2020-07-14 06:55:12","YagizOzen3","GÃ¶zlerin Ã¶nde ise et yersin. Yanda ise ot. #Carnivore #Antivegan","Twitter Web App",4,,,"NA NA NA NA NA NA NA NA","Carnivore Antivegan","NA NA","NA NA"
"New Delhi,India",,,"2020-07-13 15:53:34","rmahajan25","Veganism is a viable diet &gt;&gt;&gt;https://t.co/BHT14S4mHq&lt;&lt;&lt;

#veganism #weird #antivegan #plantbased #vegan #vegancat #veganrecipes #veganfood #Ban_Cancer_Causing_Glyphosate #2020NutMonth #birthcontrol #agriculture #atheism","Twitter Web App",2,,,"NA NA NA NA NA NA NA NA","veganism weird antivegan plantbased vegan vegancat","NA NA","NA NA"
"La la land",,,"2020-07-12 09:38:10","Tweets4Vegans","@dearaunty @nigelthegoat The ((plant based agenda)) is really getting noticeable 
#antivegan #yes2meat 
https://t.co/XtkrBN68kg","tweets4gamerz",1,,,"NA NA NA NA NA NA NA NA","antivegan yes2meat","NA NA","NA NA"
"The Town of Gadgets, Freesia",,,"2020-07-20 20:47:51","scooterscanley","If thereâ€™s anything I agree with PETA on, itâ€™s that PokÃ©mon glorifies animal abuse. Otherwise, fuck PETA.
#Peta #petakills #petakillsanimals #fuckpeta #banpeta #petabad #petalies #vegan #govegan #novegan @peta #PSAA","Twitter for iPhone",1,"","","NA NA NA NA NA NA NA NA","Peta","NA NA","NA NA"
"Main: @scooterscanley",,,"2020-07-20 19:20:21","AntiPETAlliance","If thereâ€™s anything I agree with PETA on, itâ€™s that PokÃ©mon glorifies animal abuse. Otherwise, fuck PETA.
#Peta #petakills #petakillsanimals #fuckpeta #banpeta #petabad #petalies #vegan #govegan #novegan @peta #PSAA","Twitter for iPhone",1,"","","NA NA NA NA NA NA NA NA","Peta petakills petakillsanimals fuckpeta banpeta petabad petalies vegan govegan novegan PSAA","NA NA","NA NA"
"<U+0001F969><U+0001F356><U+0001F357><U+0001F953><U+8089><U+306E><U+7D75><U+6587><U+5B57><U+5897><U+3048><U+308D><U+0001F959><U+0001F32E><U+0001F958><U+0001F35B>",,,"2020-07-19 04:25:23","ihate_extreme","#IAmMeNotMeat
Plants and vegetables too hve life need oxygen,sunlight,water like Human being #NoVegan #NoPlant #GoWater","Twitter for iPhone",1,"","","NA NA NA NA NA NA NA NA","IAmMeNotMeat NoVegan NoPlant GoWater","NA NA","NA NA"
"<U+0001F969><U+0001F356><U+0001F357><U+0001F953><U+8089><U+306E><U+7D75><U+6587><U+5B57><U+5897><U+3048><U+308D><U+0001F959><U+0001F32E><U+0001F958><U+0001F35B>",,,"2020-07-14 19:42:04","ihate_extreme","#<U+52D5><U+7269><U+6027><U+30BF><U+30F3><U+30D1><U+30AF><U+8CEA><U+3068><U+690D><U+7269><U+6027><U+30BF><U+30F3><U+30D1><U+30AF><U+8CEA><U+306F><U+5225><U+7269><U+3067><U+3059>

<U+305D><U+308C><U+305E><U+308C><U+9055><U+3046><U+5229><U+70B9><U+304C><U+3042><U+308B><U+306E><U+3067><U+690D><U+7269><U+6027><U+30BF><U+30F3><U+30D1><U+30AF><U+8CEA><U+3067><U+52D5><U+7269><U+6027><U+30BF><U+30F3><U+30D1><U+30AF><U+8CEA><U+306E><U+4EE3><U+7528><U+51FA><U+6765><U+307E><U+305B><U+3093><U+3057><U+9006><U+3082><U+7136><U+308A><U+3067><U+3059>

<U+3064><U+307E><U+308A><U+5927><U+8C46><U+30DF><U+30FC><U+30C8><U+3068><U+304B><U+3044><U+3046><U+30CB><U+30AF><U+30E2><U+30C9><U+30AD><U+306F><U+8089><U+306E><U+4EE3><U+7528><U+306B><U+306A><U+308A><U+307E><U+305B><U+3093>

<U+904E><U+6FC0><U+6D3E><U+30F4><U+30A3><U+30FC><U+30AC><U+30F3><U+3055><U+3093><U+73FE><U+5B9F><U+3092><U+898B><U+307E><U+3057><U+3087><U+3046>

#NoVegan #antivegan https://t.co/L3TwBExwTS","Twitter Web App",2,"","","NA NA NA NA NA NA NA NA","<U+52D5><U+7269><U+6027><U+30BF><U+30F3><U+30D1><U+30AF><U+8CEA><U+3068><U+690D><U+7269><U+6027><U+30BF><U+30F3><U+30D1><U+30AF><U+8CEA><U+306F><U+5225><U+7269><U+3067><U+3059>","NA NA","NA NA"
"Kevin Inc.",,,"2020-07-14 20:04:11","jayrkevin123","If you live in #Belgium and are considering forcing #veganism on your kids, guess where youâ€™re going. https://t.co/ydVg6vs0bK
#Peta #petakills #petakillsanimals #fuckpeta #banpeta #petabad #petalies #vegan #govegan #novegan @peta","Twitter Web App",3,"","","NA NA NA NA NA NA NA NA","Belgium veganism","NA NA","NA NA"
"Kevin Inc.",,,"2020-07-14 20:03:24","jayrkevin123","ZOOS ARE MEANT TO STOP ANIMALS FROM BEING ENDANGERED. 
#Peta #petakills #petakillsanimals #fuckpeta #banpeta #petabad #petalies #vegan #govegan #novegan @peta","Twitter Web App",1,"","","NA NA NA NA NA NA NA NA","Peta petakills petakillsanimals fuckpeta banpeta petabad","NA NA","NA NA"
